-45,-45,4.442486,-2.544002,-3.212373,0.942247,-6.027562,0.560455,-5.037818,5.555717,5.50806,5.288882,5.553194,5.604948,5.379209,5.015914,5.682148,5.591057
-45,-40,4.405075,-1.892082,-3.419035,1.76711,-5.245138,0.278589,-4.860093,5.495473,5.451791,5.238648,5.498052,5.5521,5.328039,4.959219,5.626712,5.530492
-45,-35,4.355195,-1.425126,-3.50717,2.436518,-4.736402,-0.133818,-4.665279,5.458659,5.414279,5.202767,5.462371,5.514796,5.289661,4.922533,5.589755,5.495429
-45,-30,4.417545,-1.033974,-3.677362,3.045647,-4.388657,-0.60055,-4.484136,5.502167,5.454917,5.242237,5.501296,5.548992,5.321643,4.955883,5.623632,5.524117
-45,-25,4.417545,-0.724692,-3.765497,3.512012,-4.134289,-1.11624,-4.241473,5.502167,5.454917,5.238648,5.501296,5.548992,5.328039,4.962554,5.632871,5.536867
-45,-20,4.377017,-0.463924,-3.811084,3.829267,-3.918559,-1.560125,-3.916784,5.468699,5.423657,5.209944,5.472102,5.524122,5.296058,4.932538,5.602074,5.504991
-45,-15,4.380135,-0.275929,-3.953924,4.067208,-3.667411,-2.020329,-3.527156,5.462006,5.417405,5.206355,5.465614,5.514796,5.289661,4.919198,5.592834,5.498616
-45,-10,4.345842,-0.148577,-4.032942,4.187765,-3.480659,-2.464214,-3.10335,5.391722,5.348632,5.134593,5.397497,5.446405,5.225699,4.862502,5.528159,5.434864
-45,-5,4.355195,-0.072772,-4.10892,4.248043,-3.409822,-2.947265,-2.676127,5.378335,5.336128,5.116652,5.381279,5.430861,5.206511,4.839156,5.506601,5.41255
-45,0,4.358312,-0.078837,-4.07549,4.235353,-3.45812,-3.427053,-2.255739,5.385029,5.336128,5.123829,5.384522,5.43397,5.20971,4.842492,5.512761,5.422113
-45,5,4.377017,-0.100062,-3.953924,4.213145,-3.554716,-3.851355,-1.784085,5.408456,5.364263,5.152534,5.413715,5.465057,5.24169,4.872507,5.540479,5.447614
-45,10,4.358312,-0.175867,-3.795888,4.029138,-3.821963,-4.246282,-1.319266,5.374988,5.329876,5.109476,5.371548,5.421535,5.193719,4.829151,5.500442,5.406176
-45,15,4.330255,-0.318379,-3.64697,3.715055,-4.008715,-4.634681,-0.782673,5.328132,5.286112,5.073595,5.32938,5.378014,5.148945,4.789131,5.460404,5.367924
-45,20,4.355195,-0.497278,-3.452465,3.404145,-4.205126,-4.889262,-0.328108,5.371641,5.320498,5.105888,5.36506,5.41221,5.190521,4.822482,5.491203,5.3998
-45,25,4.320902,-0.724692,-3.181982,2.931435,-4.372558,-5.091622,0.109876,5.405109,5.351758,5.138181,5.407228,5.452623,5.228899,4.865837,5.534319,5.434864
-45,30,4.355195,-1.061264,-2.841598,2.315961,-4.729961,-5.307036,0.590583,5.421844,5.373641,5.15971,5.423447,5.474383,5.248086,4.882512,5.543559,5.45399
-45,35,4.339607,-1.419062,-2.501214,1.643381,-5.274117,-5.424535,0.964848,5.378335,5.323624,5.113064,5.374791,5.421535,5.200115,4.839156,5.503522,5.409363
-45,40,4.389488,-1.913307,-2.100047,0.831208,-5.892328,-5.548562,1.29791,5.395069,5.354884,5.131005,5.397497,5.449514,5.225699,4.855832,5.52508,5.428489
-45,45,4.377017,-2.422714,-1.686724,-0.13894,-6.29159,-5.835782,1.576033,5.401762,5.354884,5.138181,5.400741,5.446405,5.216105,4.852497,5.52508,5.434864
-40,-45,4.364547,-2.019434,-2.738267,0.444157,-5.83759,1.484714,-4.685785,5.378335,5.333003,5.12024,5.378035,5.430861,5.200115,4.839156,5.503522,5.409363
-40,-40,4.358312,-1.437255,-2.969242,1.351506,-5.245138,1.114355,-4.596923,5.364947,5.31112,5.095124,5.35533,5.405993,5.184124,4.822482,5.485044,5.393425
-40,-35,4.317784,-0.936945,-3.102964,2.071675,-4.829777,0.685001,-4.391856,5.321439,5.273608,5.059243,5.322892,5.368688,5.142549,4.77579,5.445006,5.355174
-40,-30,4.370782,-0.45786,-3.276195,2.77598,-4.514232,0.222871,-4.224384,5.364947,5.320498,5.105888,5.368304,5.415318,5.190521,4.829151,5.497362,5.3998
-40,-25,4.420663,-0.057611,-3.431191,3.347039,-4.12785,-0.300275,-3.96805,5.43523,5.38927,5.174063,5.433177,5.4806,5.25768,4.892517,5.555877,5.463552
-40,-20,4.38637,0.237523,-3.491974,3.702365,-3.805864,-0.750688,-3.595512,5.388375,5.342381,5.127417,5.39101,5.443296,5.216105,4.852497,5.512761,5.422113
-40,-15,4.377017,0.517679,-3.531483,3.984722,-3.541837,-1.279433,-3.178542,5.368294,5.320498,5.109476,5.368304,5.415318,5.190521,4.829151,5.494283,5.3998
-40,-10,4.364547,0.657757,-3.558835,4.165557,-3.448461,-1.808178,-2.71714,5.368294,5.307994,5.1023,5.36506,5.41221,5.187323,4.822482,5.494283,5.393425
-40,-5,4.383252,0.758247,-3.57707,4.276596,-3.290688,-2.304285,-2.235233,5.398416,5.35801,5.141769,5.403985,5.452623,5.225699,4.859167,5.528159,5.431676
-40,0,4.405075,0.776518,-3.564914,4.282941,-3.281029,-2.875461,-1.684969,5.411803,5.367388,5.152534,5.413715,5.468166,5.244889,4.872507,5.543559,5.450802
-40,5,4.408193,0.721705,-3.488935,4.175075,-3.477439,-3.361776,-1.168883,5.405109,5.35801,5.148945,5.407228,5.455731,5.232096,4.869172,5.534319,5.441239
-40,10,4.420663,0.612079,-3.422074,4.022792,-3.747907,-3.825244,-0.676722,5.42519,5.379892,5.163298,5.423447,5.477492,5.244889,4.882512,5.549718,5.460365
-40,15,4.39884,0.405008,-3.32786,3.699192,-3.928219,-4.278921,-0.12304,5.401762,5.35801,5.138181,5.403985,5.452623,5.228899,4.865837,5.528159,5.434864
-40,20,4.395723,0.149213,-3.121199,3.24869,-4.301722,-4.628153,0.425769,5.401762,5.354884,5.141769,5.400741,5.449514,5.225699,4.859167,5.528159,5.431676
-40,25,4.373899,-0.154641,-2.814246,2.734737,-4.565749,-4.889262,0.90991,5.364947,5.317372,5.095124,5.358573,5.409101,5.180926,4.822482,5.491203,5.396613
-40,30,4.34896,-0.545793,-2.431314,2.055812,-4.832997,-5.085094,1.366582,5.368294,5.32675,5.113064,5.371548,5.424644,5.200115,4.832487,5.506601,5.409363
-40,35,4.36143,-0.994556,-2.033186,1.2944,-5.20006,-5.189538,1.720246,5.354907,5.317372,5.098712,5.35533,5.402884,5.177729,4.812476,5.485044,5.383862
-40,40,4.305314,-1.513059,-1.616824,0.406086,-5.663718,-5.156898,2.032706,5.324786,5.276733,5.062831,5.326136,5.378014,5.152143,4.785795,5.454246,5.355174
-40,45,4.320902,-2.110399,-1.270361,-0.568391,-6.124157,-5.404952,2.224988,5.328132,5.286112,5.070006,5.332623,5.381123,5.155342,4.785795,5.454246,5.361548
-35,-45,4.308432,-1.676797,-2.44347,0.139592,-5.737775,2.035337,-4.429452,5.311399,5.267355,5.052066,5.313161,5.362471,5.139351,4.772456,5.438847,5.345611
-35,-40,4.292844,-1.0552,-2.561997,0.929557,-5.290216,1.796078,-4.378185,5.28797,5.242348,5.026949,5.290455,5.34071,5.116964,4.74911,5.417289,5.323298
-35,-35,4.236728,-0.448763,-2.689641,1.678278,-4.826557,1.438829,-4.060331,5.254502,5.207961,4.994657,5.254775,5.306515,5.075389,4.71576,5.386491,5.291422
-35,-30,4.305314,0.130942,-2.853754,2.395274,-4.34036,1.01603,-3.81425,5.314745,5.273608,5.059243,5.316405,5.36558,5.142549,4.782461,5.448086,5.355174
-35,-25,4.283492,0.590763,-2.920615,2.966334,-3.982956,0.521125,-3.499814,5.298011,5.248599,5.041302,5.296943,5.353145,5.129757,4.76245,5.429607,5.33286
-35,-20,4.255434,0.962274,-2.999633,3.350212,-3.67707,-0.009792,-3.110186,5.254502,5.204835,4.994657,5.254775,5.303406,5.078588,4.712424,5.380331,5.285047
-35,-15,4.227376,1.239384,-3.023946,3.638914,-3.425922,-0.525481,-2.648785,5.197607,5.154819,4.937247,5.196388,5.247449,5.02422,4.655728,5.321816,5.227669
-35,-10,4.233611,1.43123,-2.951007,3.841957,-3.271369,-1.07381,-2.183966,5.231075,5.186079,4.976716,5.238556,5.284754,5.065795,4.699084,5.364933,5.272296
-35,-5,4.320902,1.592624,-2.820324,4.016447,-3.136135,-1.677624,-1.630284,5.344866,5.301743,5.080771,5.342354,5.393558,5.168135,4.802471,5.475804,5.380674
-35,0,4.314667,1.568262,-2.90238,4.03231,-3.232731,-2.248799,-1.124452,5.334826,5.286112,5.073595,5.332623,5.381123,5.161738,4.792466,5.463485,5.367924
-35,5,4.274139,1.504314,-2.90542,3.899063,-3.396943,-2.754698,-0.57077,5.28797,5.242348,5.030538,5.287212,5.334493,5.113766,4.74244,5.411129,5.316923
-35,10,4.274139,1.34292,-2.911498,3.667467,-3.570815,-3.283443,0.030903,5.281277,5.232969,5.023361,5.287212,5.334493,5.110569,4.74244,5.408049,5.316923
-35,15,4.339607,1.17239,-2.838559,3.381938,-3.847722,-3.756703,0.607751,5.338172,5.292364,5.080771,5.339111,5.390449,5.171332,4.805806,5.469645,5.380674
-35,20,4.342724,0.880054,-2.665328,2.940953,-4.079551,-4.177741,1.160565,5.351561,5.304868,5.091536,5.352085,5.399775,5.177729,4.815811,5.485044,5.390237
-35,25,4.289727,0.487227,-2.352296,2.385757,-4.391877,-4.464961,1.627538,5.298011,5.251726,5.041302,5.300187,5.346927,5.126559,4.759115,5.426528,5.33286
-35,30,4.305314,0.018271,-1.993677,1.646553,-4.752501,-4.75218,2.125413,5.321439,5.282986,5.062831,5.32938,5.378014,5.155342,4.789131,5.451166,5.355174
-35,35,4.330255,-0.530632,-1.595549,0.847071,-5.167861,-4.928428,2.465342,5.328132,5.282986,5.062831,5.326136,5.374906,5.145747,4.785795,5.451166,5.355174
-35,40,4.324019,-1.155262,-1.182226,-0.085259,-5.544584,-4.941484,2.715997,5.324786,5.282986,5.066419,5.32938,5.381123,5.15854,4.792466,5.463485,5.367924
-35,45,4.345842,-1.79202,-0.926938,-1.042051,-5.924527,-5.134052,2.887678,5.334826,5.289238,5.077183,5.32938,5.384232,5.161738,4.799136,5.466565,5.371112
-30,-45,4.358312,-1.288678,-2.209456,-0.290511,-5.602541,2.681008,-4.224384,5.361601,5.307994,5.098712,5.358573,5.409101,5.190521,4.822482,5.488122,5.393425
-30,-40,4.373899,-0.673145,-2.239848,0.47271,-5.354612,2.513854,-4.159447,5.368294,5.323624,5.1023,5.36506,5.41221,5.187323,4.825816,5.494283,5.3998
-30,-35,4.364547,0.0,-2.352296,1.275365,-4.900614,2.192658,-3.90653,5.378335,5.339254,5.12024,5.384522,5.430861,5.200115,4.835821,5.512761,5.41255
-30,-30,4.408193,0.666892,-2.486018,2.005051,-4.372558,1.815743,-3.592094,5.41515,5.373641,5.156122,5.410472,5.468166,5.244889,4.879177,5.543559,5.45399
-30,-25,4.433133,1.239384,-2.637975,2.60149,-3.8928,1.314284,-3.287911,5.455312,5.404901,5.192003,5.446153,5.499253,5.273671,4.909193,5.580515,5.485865
-30,-20,4.430015,1.680933,-2.634936,3.096408,-3.532177,0.760384,-2.870941,5.441925,5.398648,5.181238,5.442909,5.489927,5.270473,4.902522,5.571277,5.47949
-30,-15,4.423781,2.031128,-2.653171,3.435871,-3.271369,0.147488,-2.385615,5.43523,5.38927,5.170474,5.429934,5.4806,5.26088,4.892517,5.568196,5.469928
-30,-10,4.414428,2.24429,-2.525527,3.632569,-3.045979,-0.486315,-1.814845,5.398416,5.348632,5.131005,5.39101,5.443296,5.225699,4.852497,5.522,5.428489
-30,-5,4.395723,2.369142,-2.361413,3.762643,-2.926845,-1.07381,-1.223568,5.398416,5.348632,5.138181,5.397497,5.446405,5.225699,4.862502,5.53124,5.434864
-30,0,4.430015,2.396548,-2.452588,3.794369,-3.062078,-1.726582,-0.666468,5.418496,5.376766,5.163298,5.420203,5.471274,5.244889,4.879177,5.543559,5.450802
-30,5,4.430015,2.305193,-2.622779,3.692847,-3.277809,-2.343451,-0.037596,5.43523,5.395523,5.184826,5.439665,5.489927,5.270473,4.902522,5.568196,5.476303
-30,10,4.473661,2.16207,-2.622779,3.461251,-3.432361,-2.927682,0.638654,5.472045,5.429909,5.21712,5.472102,5.524122,5.296058,4.932538,5.598994,5.504991
-30,15,4.458073,1.89105,-2.540722,3.083718,-3.654531,-3.466219,1.273875,5.462006,5.414279,5.206355,5.462371,5.508579,5.286464,4.925868,5.592834,5.495429
-30,20,4.448721,1.52563,-2.291513,2.611008,-3.915339,-3.883993,1.84729,5.441925,5.398648,5.181238,5.446153,5.489927,5.267275,4.902522,5.571277,5.473115
-30,25,4.458073,1.041448,-1.966325,1.944773,-4.266303,-4.278921,2.417271,5.448618,5.401775,5.188415,5.449396,5.502361,5.27687,4.909193,5.577436,5.485865
-30,30,4.451838,0.517679,-1.595549,1.218259,-4.691324,-4.56614,2.819005,5.438577,5.395523,5.17765,5.436421,5.483709,5.26088,4.899187,5.565116,5.476303
-30,35,4.458073,-0.142513,-1.236931,0.374361,-5.103464,-4.814194,3.18297,5.462006,5.414279,5.202767,5.459127,5.511687,5.289661,4.925868,5.586675,5.492241
-30,40,4.451838,-0.836883,-0.869195,-0.568391,-5.438328,-4.856624,3.388987,5.451965,5.408027,5.19559,5.455884,5.502361,5.280068,4.912528,5.577436,5.47949
-30,45,4.454956,-1.610089,-0.67165,-1.594653,-5.824711,-5.127524,3.467961,5.458659,5.414279,5.202767,5.459127,5.508579,5.280068,4.915863,5.583595,5.489053
-25,-45,4.430015,-0.964234,-2.011912,-0.694701,-5.522045,3.175912,-4.128686,5.421844,5.376766,5.163298,5.423447,5.471274,5.244889,4.885847,5.549718,5.45399
-25,-40,4.405075,-0.369926,-2.021029,-0.044208,-5.212939,3.10053,-3.950962,5.41515,5.367388,5.152534,5.420203,5.465057,5.238492,4.872507,5.537399,5.438052
-25,-35,4.405075,0.374556,-2.066617,0.745549,-4.723522,2.835051,-3.732223,5.401762,5.351758,5.138181,5.400741,5.452623,5.232096,4.862502,5.528159,5.434864
-25,-30,4.401958,1.105397,-2.163869,1.465718,-4.156828,2.448304,-3.39728,5.398416,5.354884,5.145357,5.397497,5.449514,5.225699,4.859167,5.52508,5.428489
-25,-25,4.405075,1.723566,-2.306709,2.100227,-3.722148,1.937012,-3.028159,5.418496,5.373641,5.163298,5.423447,5.471274,5.251285,4.882512,5.549718,5.457177
-25,-20,4.420663,2.210793,-2.385726,2.57611,-3.45812,1.333949,-2.62486,5.428537,5.376766,5.163298,5.42669,5.474383,5.254483,4.885847,5.549718,5.457177
-25,-15,4.39884,2.567078,-2.495136,2.906055,-3.24883,0.64567,-2.142952,5.385029,5.336128,5.123829,5.381279,5.430861,5.212908,4.842492,5.509681,5.418926
-25,-10,4.380135,2.79242,-2.616701,3.137651,-3.087837,-0.032639,-1.681551,5.361601,5.314246,5.098712,5.358573,5.41221,5.187323,4.819146,5.481964,5.38705
-25,-5,4.36143,2.926408,-2.571114,3.261381,-2.988022,-0.770271,-1.039007,5.381682,5.333003,5.12024,5.381279,5.43397,5.20971,4.842492,5.506601,5.41255
-25,0,4.395723,2.981221,-2.598466,3.277243,-2.965483,-1.449154,-0.358868,5.405109,5.35801,5.148945,5.407228,5.45884,5.232096,4.869172,5.534319,5.444427
-25,5,4.408193,2.902046,-2.622779,3.163032,-3.068518,-2.075815,0.367398,5.411803,5.367388,5.156122,5.413715,5.468166,5.244889,4.872507,5.540479,5.444427
-25,10,4.423781,2.728472,-2.431314,2.909227,-3.239171,-2.650254,1.091892,5.41515,5.370514,5.152534,5.413715,5.45884,5.24169,4.872507,5.543559,5.447614
-25,15,4.433133,2.43309,-2.209456,2.553902,-3.364745,-3.159416,1.80952,5.428537,5.386145,5.17765,5.439665,5.4806,5.25768,4.889182,5.558957,5.46674
-25,20,4.422265,2.06767,-1.945051,2.087537,-3.522517,-3.551537,2.362334,5.43523,5.38927,5.174063,5.433177,5.483709,5.254483,4.889182,5.558957,5.463552
-25,25,4.405075,1.507359,-1.598589,1.389576,-3.776886,-4.001493,2.932315,5.391722,5.351758,5.145357,5.403985,5.449514,5.222502,4.859167,5.522,5.434864
-25,30,4.383252,0.904415,-1.221735,0.666235,-4.221225,-4.291976,3.351217,5.388375,5.345506,5.134593,5.387766,5.437079,5.212908,4.845826,5.515841,5.418926
-25,35,4.378604,0.167484,-0.878312,-0.16736,-4.688104,-4.510654,3.636208,5.385029,5.345506,5.131005,5.394253,5.440188,5.216105,4.855832,5.522,5.422113
-25,40,4.372366,-0.579147,-0.632142,-1.12731,-4.987549,-4.699959,3.807889,5.398416,5.354884,5.138181,5.403985,5.449514,5.228899,4.859167,5.528159,5.434864
-25,45,4.419147,-1.449383,-0.410284,-2.153572,-5.460867,-5.05637,3.838792,5.455312,5.408027,5.19918,5.459127,5.50547,5.280068,4.919198,5.583595,5.492241
-20,-45,4.38796,-0.651919,-1.869072,-1.130467,-5.138883,3.520051,-4.000263,5.468699,5.423657,5.213531,5.465614,5.521013,5.299256,4.925868,5.589755,5.498616
-20,-40,4.400435,-0.142513,-1.850837,-0.6126,-4.926373,3.542994,-3.800579,5.431884,5.386145,5.170474,5.429934,5.477492,5.25768,4.895852,5.558957,5.463552
-20,-35,4.372366,0.663847,-1.838681,0.142765,-4.401537,3.29718,-3.596818,5.385029,5.339254,5.127417,5.387766,5.43397,5.206511,4.842492,5.509681,5.418926
-20,-30,4.366129,1.455591,-1.890346,0.859761,-3.786545,2.949764,-3.224144,5.388375,5.345506,5.134593,5.394253,5.440188,5.216105,4.849161,5.509681,5.422113
-20,-25,4.353655,2.07376,-2.030147,1.462545,-3.445684,2.441749,-2.906174,5.374988,5.32675,5.113064,5.371548,5.424644,5.203313,4.839156,5.503522,5.409363
-20,-20,4.356773,2.600575,-2.279356,1.932082,-3.24883,1.822299,-2.584785,5.368294,5.323624,5.113064,5.374791,5.421535,5.200115,4.832487,5.497362,5.406176
-20,-15,4.344298,2.972085,-2.613662,2.268373,-3.075354,1.12091,-2.201854,5.354907,5.31112,5.095124,5.358573,5.409101,5.187323,4.819146,5.488122,5.390237
-20,-10,4.344298,3.252241,-2.769014,2.512659,-2.946543,0.340989,-1.658229,5.333495,5.301743,5.091536,5.35533,5.402884,5.17453,4.809141,5.475804,5.383862
-20,-5,4.331824,3.389273,-2.792971,2.61418,-2.801271,-0.476585,-0.967585,5.31006,5.276733,5.059243,5.326136,5.371797,5.152143,4.782461,5.445006,5.348798
-20,0,4.331824,3.419725,-2.808167,2.620525,-2.81415,-1.31224,-0.147018,5.333495,5.29549,5.08436,5.348842,5.396666,5.171332,4.805806,5.475804,5.377487
-20,5,4.334942,3.349686,-2.680523,2.506314,-2.862816,-2.010796,0.625012,5.330147,5.298616,5.080771,5.342354,5.393558,5.164936,4.7958,5.466565,5.377487
-20,10,4.334942,3.142615,-2.431314,2.236647,-2.91112,-2.565724,1.432034,5.340192,5.304868,5.095124,5.352085,5.399775,5.17453,4.809141,5.478883,5.380674
-20,15,4.347417,2.850279,-2.12436,1.881322,-2.991627,-3.032516,2.16007,5.360281,5.323624,5.109476,5.374791,5.418427,5.200115,4.832487,5.503522,5.409363
-20,20,4.369248,2.448316,-1.707998,1.421302,-3.059252,-3.388323,2.826292,5.370325,5.336128,5.127417,5.384522,5.437079,5.216105,4.845826,5.512761,5.415738
-20,25,4.384841,1.89105,-1.291635,0.783907,-3.368397,-3.76045,3.365451,5.366977,5.336128,5.123829,5.381279,5.427753,5.203313,4.845826,5.503522,5.409363
-20,30,4.378604,1.187616,-0.966447,0.034898,-3.76771,-4.119521,3.81819,5.383717,5.351758,5.141769,5.400741,5.446405,5.225699,4.859167,5.52508,5.431676
-20,35,4.372366,0.426324,-0.623024,-0.770585,-4.215327,-4.334963,4.024804,5.346888,5.314246,5.1023,5.361816,5.409101,5.184124,4.825816,5.485044,5.396613
-20,40,4.363011,-0.427538,-0.413323,-1.718026,-4.6082,-4.625484,4.131262,5.333495,5.29549,5.087948,5.348842,5.396666,5.177729,4.809141,5.472724,5.380674
-20,45,4.350536,-1.322032,-0.209701,-2.646518,-5.107341,-4.938856,4.096921,5.336844,5.301743,5.08436,5.342354,5.396666,5.177729,4.809141,5.481964,5.383862
-15,-45,4.328706,-0.491214,-1.735573,-1.62644,-4.798195,3.714812,-3.952397,5.333495,5.301743,5.087948,5.345599,5.393558,5.171332,4.805806,5.472724,5.380674
-15,-40,4.309993,-0.012129,-1.705178,-1.177985,-4.575997,3.790223,-3.750674,5.336844,5.304868,5.095124,5.352085,5.399775,5.177729,4.815811,5.481964,5.38705
-15,-35,4.288163,0.834376,-1.720376,-0.445297,-3.970587,3.613171,-3.494247,5.320104,5.282986,5.073595,5.332623,5.381123,5.15854,4.7958,5.457325,5.364736
-15,-30,4.306875,1.668753,-1.720376,0.218986,-3.423142,3.265624,-3.135249,5.326799,5.286112,5.073595,5.32938,5.378014,5.152143,4.785795,5.457325,5.361548
-15,-25,4.291282,2.353916,-1.857155,0.780733,-3.049591,2.78365,-2.858308,5.31006,5.273608,5.062831,5.319649,5.371797,5.148945,4.782461,5.448086,5.351986
-15,-20,4.300637,2.872622,-2.170226,1.199663,-2.843494,2.170526,-2.588205,5.313408,5.276733,5.070006,5.326136,5.374906,5.152143,4.789131,5.457325,5.361548
-15,-15,4.328706,3.297919,-2.610959,1.532902,-2.721124,1.50822,-2.236045,5.353584,5.320498,5.109476,5.36506,5.415318,5.200115,4.825816,5.491203,5.396613
-15,-10,4.344298,3.608526,-2.750777,1.783626,-2.579432,0.70165,-1.624039,5.366977,5.339254,5.123829,5.384522,5.43397,5.212908,4.845826,5.509681,5.415738
-15,-5,4.306875,3.75299,-2.750777,1.882011,-2.415199,-0.163214,-0.8445,5.316756,5.286112,5.070006,5.332623,5.381123,5.15854,4.792466,5.460404,5.367924
-15,0,4.319349,3.792591,-2.772054,1.859795,-2.341133,-1.038041,0.013737,5.333495,5.289238,5.077183,5.339111,5.38734,5.161738,4.799136,5.463485,5.367924
-15,5,4.325586,3.733378,-2.644394,1.751889,-2.395878,-1.827997,0.861968,5.34354,5.307994,5.098712,5.35533,5.402884,5.180926,4.815811,5.485044,5.390237
-15,10,4.347417,3.529351,-2.422508,1.482123,-2.486045,-2.53961,1.734237,5.377021,5.342381,5.131005,5.387766,5.43397,5.219304,4.852497,5.522,5.428489
-15,15,4.369248,3.189432,-2.027368,1.139362,-2.524688,-3.016195,2.472576,5.377021,5.351758,5.138181,5.400741,5.446405,5.225699,4.855832,5.52508,5.431676
-15,20,4.375485,2.750771,-1.55928,0.679174,-2.614855,-3.372001,3.142232,5.39711,5.364263,5.148945,5.410472,5.45884,5.238492,4.872507,5.537399,5.447614
-15,25,4.363011,2.168936,-1.115509,0.123775,-2.814512,-3.564594,3.671089,5.377021,5.342381,5.131005,5.39101,5.437079,5.216105,4.852497,5.515841,5.428489
-15,30,4.384841,1.419556,-0.784199,-0.615837,-3.262129,-4.031385,4.096921,5.393762,5.35801,5.152534,5.407228,5.45884,5.235294,4.875842,5.537399,5.444427
-15,35,4.419147,0.575743,-0.504562,-1.430636,-3.783812,-4.344756,4.354481,5.41385,5.383018,5.170474,5.42669,5.474383,5.254483,4.892517,5.555877,5.463552
-15,40,4.397316,-0.31242,-0.276597,-2.283332,-4.237869,-4.615692,4.41973,5.403806,5.373641,5.163298,5.420203,5.474383,5.251285,4.882512,5.543559,5.460365
-15,45,4.375485,-1.264846,-0.12766,-3.136029,-4.791755,-4.94212,4.327008,5.370325,5.336128,5.123829,5.381279,5.437079,5.212908,4.849161,5.512761,5.415738
-10,-45,4.375485,-0.327586,-1.75381,-2.081212,-4.447186,3.947602,-3.979749,5.383717,5.351758,5.141769,5.397497,5.446405,5.228899,4.862502,5.52508,5.431676
-10,-40,4.350536,0.067018,-1.68998,-1.7275,-4.234649,4.045965,-3.754093,5.360281,5.32675,5.116652,5.374791,5.424644,5.203313,4.835821,5.500442,5.409363
-10,-35,4.347417,0.959571,-1.659585,-1.070608,-3.626019,3.937766,-3.511342,5.360281,5.323624,5.109476,5.368304,5.421535,5.196917,4.832487,5.500442,5.402987
-10,-30,4.359892,1.830801,-1.604873,-0.435823,-2.965864,3.629565,-3.13183,5.370325,5.333003,5.12024,5.387766,5.43397,5.216105,4.845826,5.509681,5.415738
-10,-25,4.366129,2.537533,-1.808522,0.034911,-2.611635,3.160705,-2.960879,5.437286,5.404901,5.184826,5.446153,5.496144,5.27687,4.912528,5.577436,5.47949
-10,-20,4.375485,3.101091,-2.115515,0.412582,-2.363675,2.57381,-2.70787,5.393762,5.354884,5.138181,5.403985,5.452623,5.232096,4.865837,5.528159,5.431676
-10,-15,4.366129,3.561076,-2.419468,0.748996,-2.154357,1.829537,-2.246302,5.373672,5.348632,5.138181,5.39101,5.443296,5.222502,4.852497,5.512761,5.422113
-10,-10,4.353655,3.868748,-2.5988,0.980677,-1.957921,0.980343,-1.586429,5.377021,5.339254,5.127417,5.387766,5.437079,5.212908,4.852497,5.515841,5.422113
-10,-5,4.344298,4.033246,-2.680868,1.110799,-1.793688,0.088526,-0.759024,5.360281,5.323624,5.113064,5.374791,5.421535,5.203313,4.835821,5.500442,5.402987
-10,0,4.328706,4.072847,-2.647433,1.082235,-1.722842,-0.851977,0.137365,5.333495,5.301743,5.08436,5.348842,5.396666,5.17453,4.805806,5.472724,5.377487
-10,5,4.34118,3.999737,-2.516733,0.94894,-1.726062,-1.687633,1.050845,5.373672,5.333003,5.123829,5.384522,5.43397,5.212908,4.845826,5.509681,5.41255
-10,10,4.372366,3.792591,-2.331322,0.695043,-1.838771,-2.461267,1.950588,5.41385,5.376766,5.166886,5.423447,5.477492,5.251285,4.889182,5.552798,5.460365
-10,15,4.366129,3.427041,-1.960499,0.364977,-1.961142,-3.01293,2.685492,5.373672,5.348632,5.138181,5.397497,5.446405,5.219304,4.862502,5.52508,5.431676
-10,20,4.375485,2.948778,-1.468094,-0.060005,-2.089952,-3.345887,3.355148,5.377021,5.339254,5.131005,5.387766,5.43397,5.20971,4.849161,5.509681,5.41255
-10,25,4.394197,2.363896,-1.018244,-0.552674,-2.286388,-3.53195,3.897741,5.380369,5.348632,5.138181,5.394253,5.443296,5.219304,4.855832,5.52508,5.431676
-10,30,4.369248,1.581008,-0.735567,-1.21904,-2.727565,-3.953043,4.282364,5.366977,5.339254,5.134593,5.39101,5.443296,5.219304,4.852497,5.515841,5.425301
-10,35,4.369248,0.661038,-0.492404,-2.027523,-3.297552,-4.299057,4.481544,5.377021,5.342381,5.131005,5.39101,5.440188,5.216105,4.855832,5.51892,5.425301
-10,40,4.381722,-0.209291,-0.319151,-2.788634,-3.812794,-4.596106,4.553661,5.380369,5.348632,5.134593,5.394253,5.440188,5.216105,4.855832,5.52508,5.431676
-10,45,4.384841,-1.270913,-0.176293,-3.71081,-4.460068,-5.046577,4.433466,5.383717,5.351758,5.145357,5.403985,5.446405,5.222502,4.859167,5.52508,5.434864
-5,-45,4.375485,-0.294221,-1.750771,-2.671783,-3.957706,4.029571,-3.983168,5.363628,5.320498,5.113064,5.368304,5.418427,5.193719,4.829151,5.497362,5.402987
-5,-40,4.384841,0.09748,-1.711257,-2.397025,-3.751609,4.190229,-3.781445,5.380369,5.348632,5.138181,5.397497,5.443296,5.219304,4.852497,5.51892,5.425301
-5,-35,4.372366,1.005265,-1.665664,-1.743291,-3.130098,4.088588,-3.562628,5.370325,5.333003,5.123829,5.378035,5.430861,5.20971,4.845826,5.509681,5.415738
-5,-30,4.375485,1.903911,-1.571439,-1.136929,-2.4313,3.809895,-3.145506,5.377021,5.345506,5.134593,5.394253,5.443296,5.219304,4.852497,5.522,5.428489
-5,-25,4.359892,2.647198,-1.732534,-0.688474,-2.035208,3.347593,-3.032678,5.373672,5.336128,5.127417,5.39101,5.437079,5.20971,4.845826,5.512761,5.422113
-5,-20,4.369248,3.219895,-2.057764,-0.378976,-1.706741,2.770535,-2.786508,5.377021,5.342381,5.131005,5.394253,5.443296,5.222502,4.849161,5.515841,5.425301
-5,-15,4.400435,3.701204,-2.346519,-0.132642,-1.439459,2.042655,-2.297587,5.400458,5.367388,5.152534,5.413715,5.455731,5.238492,4.872507,5.534319,5.441239
-5,-10,4.384841,4.027153,-2.480259,0.069822,-1.188278,1.19674,-1.589848,5.393762,5.364263,5.145357,5.403985,5.455731,5.238492,4.875842,5.540479,5.450802
-5,-5,4.375485,4.212975,-2.498496,0.180902,-1.001503,0.275414,-0.755605,5.380369,5.345506,5.131005,5.397497,5.443296,5.222502,4.855832,5.522,5.431676
-5,0,4.334942,4.22516,-2.449863,0.184075,-0.908115,-0.685499,0.188877,5.34354,5.307994,5.095124,5.35533,5.409101,5.184124,4.819146,5.485044,5.390237
-5,5,4.344298,4.15205,-2.364757,0.069822,-0.924216,-1.521154,1.08862,5.346888,5.31112,5.105888,5.36506,5.41221,5.190521,4.829151,5.491203,5.396613
-5,10,4.34118,3.908349,-2.231017,-0.161065,-1.062688,-2.376396,1.991797,5.34354,5.31112,5.1023,5.361816,5.41221,5.184124,4.819146,5.485044,5.393425
-5,15,4.334942,3.533659,-1.911866,-0.47372,-1.249463,-2.986816,2.771346,5.363628,5.333003,5.12024,5.374791,5.43397,5.20971,4.842492,5.503522,5.41255
-5,20,4.38796,3.079767,-1.471134,-0.817957,-1.439459,-3.368737,3.458172,5.393762,5.361136,5.148945,5.403985,5.455731,5.235294,4.869172,5.537399,5.450802
-5,25,4.375485,2.45833,-1.063836,-1.225357,-1.706741,-3.538479,3.980161,5.383717,5.345506,5.138181,5.397497,5.443296,5.222502,4.859167,5.522,5.431676
-5,30,4.378604,1.657164,-0.799397,-1.89804,-2.18978,-4.002007,4.392257,5.400458,5.364263,5.152534,5.413715,5.461948,5.24169,4.879177,5.543559,5.450802
-5,35,4.409791,0.776796,-0.547116,-2.614936,-2.746886,-4.279471,4.608607,5.41385,5.38927,5.174063,5.433177,5.483709,5.267275,4.899187,5.565116,5.46674
-5,40,4.38796,-0.172893,-0.386021,-3.357098,-3.365177,-4.62222,4.632647,5.423894,5.38927,5.174063,5.439665,5.483709,5.264077,4.899187,5.565116,5.46674
-5,45,4.422265,-1.237547,-0.176293,-4.194004,-4.073636,-5.085748,4.550227,5.443983,5.411153,5.202767,5.459127,5.50547,5.283266,4.915863,5.586675,5.492241
0,-45,4.353655,-0.266922,-1.808522,-3.221299,-3.490768,4.019734,-4.031034,5.346888,5.314246,5.1023,5.35533,5.402884,5.184124,4.822482,5.485044,5.396613
0,-40,4.344298,0.063971,-1.769008,-2.924434,-3.27501,4.219738,-3.873759,5.360281,5.329876,5.116652,5.368304,5.421535,5.200115,4.835821,5.503522,5.406176
0,-35,4.344298,0.986988,-1.683901,-2.33702,-2.585873,4.101703,-3.610494,5.340192,5.301743,5.095124,5.35533,5.405993,5.177729,4.815811,5.485044,5.383862
0,-30,4.303756,1.842986,-1.638308,-1.759082,-1.903177,3.809895,-3.244658,5.350236,5.317372,5.098712,5.361816,5.415318,5.190521,4.829151,5.488122,5.3998
0,-25,4.319349,2.601504,-1.750771,-1.38958,-1.371833,3.386938,-3.012164,5.403806,5.370514,5.156122,5.410472,5.461948,5.248086,4.882512,5.546638,5.45399
0,-20,4.328706,3.189432,-2.076001,-1.165352,-0.991842,2.793486,-2.820699,5.336844,5.304868,5.091536,5.345599,5.399775,5.17453,4.809141,5.475804,5.380674
0,-15,4.359892,3.664649,-2.367796,-0.997971,-0.621511,2.111508,-2.35913,5.323452,5.29549,5.080771,5.339111,5.390449,5.171332,4.802471,5.466565,5.380674
0,-10,4.38796,4.030199,-2.480259,-0.833748,-0.331687,1.262315,-1.644553,5.350236,5.317372,5.105888,5.361816,5.41221,5.193719,4.829151,5.494283,5.3998
0,-5,4.350536,4.206882,-2.507615,-0.723213,-0.157793,0.318038,-0.800053,5.340192,5.301743,5.091536,5.348842,5.399775,5.17453,4.815811,5.478883,5.380674
0,0,4.34118,4.234299,-2.480259,-0.74532,-0.048304,-0.649592,0.161404,5.340192,5.29549,5.087948,5.345599,5.393558,5.168135,4.809141,5.478883,5.377487
0,5,4.369248,4.206882,-2.40427,-0.855855,-0.077286,-1.537476,1.061147,5.380369,5.345506,5.138181,5.39101,5.440188,5.222502,4.859167,5.51892,5.428489
0,10,4.394197,3.978413,-2.300926,-1.057976,-0.202877,-2.363339,1.967759,5.387065,5.348632,5.145357,5.397497,5.446405,5.228899,4.862502,5.522,5.428489
0,15,4.344298,3.567168,-1.960499,-1.313785,-0.415414,-2.970495,2.692361,5.296667,5.273608,5.062831,5.319649,5.36558,5.142549,4.782461,5.445006,5.361548
0,20,4.359892,3.067582,-1.538004,-1.598017,-0.702018,-3.391587,3.392924,5.340192,5.304868,5.095124,5.352085,5.405993,5.184124,4.815811,5.485044,5.390237
0,25,4.322468,2.424821,-1.085113,-1.91383,-1.056247,-3.564594,3.932083,5.320104,5.282986,5.077183,5.32938,5.381123,5.161738,4.7958,5.460404,5.364736
0,30,4.328706,1.629748,-0.805476,-2.469662,-1.558608,-3.913871,4.302969,5.300015,5.264229,5.059243,5.313161,5.36558,5.145747,4.782461,5.441927,5.351986
0,35,4.313112,0.706732,-0.662618,-3.177085,-2.18334,-4.230506,4.502149,5.336844,5.298616,5.087948,5.348842,5.396666,5.177729,4.815811,5.475804,5.380674
0,40,4.269451,-0.221424,-0.471128,-3.856084,-2.79197,-4.573256,4.495281,5.370325,5.336128,5.123829,5.384522,5.430861,5.206511,4.842492,5.503522,5.409363
0,45,4.269451,-1.231481,-0.209728,-4.538241,-3.535851,-4.997612,4.364783,5.316756,5.289238,5.077183,5.332623,5.384232,5.161738,4.799136,5.463485,5.367924
5,-45,4.256976,-0.373084,-1.769008,-3.691861,-2.975525,3.918093,-4.089158,5.249794,5.217339,5.009009,5.264506,5.315841,5.088181,4.7291,5.389571,5.300984
5,-40,4.253858,-0.036398,-1.744692,-3.426577,-2.753327,4.078752,-3.873759,5.246445,5.211087,4.998244,5.258018,5.309623,5.088181,4.72243,5.389571,5.294609
5,-35,4.281925,0.855999,-1.653506,-2.902327,-2.06097,4.009898,-3.672037,5.283275,5.248599,5.037714,5.290455,5.343819,5.120162,4.75578,5.420368,5.326486
5,-30,4.300637,1.733321,-1.635269,-2.403341,-1.326749,3.77055,-3.336972,5.323452,5.282986,5.073595,5.339111,5.381123,5.15854,4.7958,5.463485,5.367924
5,-25,4.347417,2.504024,-1.802443,-2.04963,-0.721339,3.344314,-3.124992,5.356933,5.323624,5.116652,5.374791,5.421535,5.196917,4.835821,5.494283,5.3998
5,-20,4.363011,3.08586,-2.203661,-1.945412,-0.235079,2.763977,-2.91985,5.390413,5.354884,5.148945,5.400741,5.455731,5.232096,4.865837,5.53124,5.434864
5,-15,4.363011,3.542798,-2.544089,-1.819086,0.19725,2.042655,-2.485634,5.373672,5.339254,5.127417,5.39101,5.437079,5.216105,4.849161,5.515841,5.422113
5,-10,4.359892,3.880933,-2.686947,-1.708551,0.517377,1.17051,-1.774476,5.34354,5.31112,5.1023,5.348842,5.402884,5.17453,4.815811,5.478883,5.383862
5,-5,4.344298,4.085032,-2.735579,-1.607491,0.740496,0.298365,-0.957328,5.363628,5.329876,5.12024,5.378035,5.427753,5.203313,4.835821,5.500442,5.409363
5,0,4.375485,4.170328,-2.708224,-1.62644,0.831037,-0.714877,0.013737,5.390413,5.35801,5.148945,5.403985,5.455731,5.238492,4.872507,5.53124,5.438052
5,5,4.363011,4.063708,-2.635275,-1.724342,0.785766,-1.599497,0.916914,5.377021,5.345506,5.141769,5.39101,5.443296,5.219304,4.852497,5.51892,5.428489
5,10,4.350536,3.810869,-2.465061,-1.888565,0.656422,-2.422096,1.80292,5.366977,5.333003,5.123829,5.387766,5.43397,5.212908,4.845826,5.506601,5.415738
5,15,4.325586,3.414855,-2.133752,-2.090686,0.368631,-3.029252,2.596205,5.34354,5.31112,5.1023,5.35533,5.409101,5.184124,4.822482,5.488122,5.393425
5,20,4.306875,2.912223,-1.671743,-2.267541,0.012934,-3.430758,3.24869,5.31006,5.276733,5.066419,5.326136,5.378014,5.152143,4.785795,5.454246,5.361548
5,25,4.303756,2.290786,-1.209734,-2.535983,-0.383212,-3.616822,3.784415,5.300015,5.267355,5.055655,5.309917,5.362471,5.145747,4.782461,5.438847,5.355174
5,30,4.319349,1.504851,-0.905781,-3.132871,-0.97574,-4.050971,4.196511,5.326799,5.298616,5.080771,5.342354,5.38734,5.168135,4.805806,5.472724,5.377487
5,35,4.306875,0.61839,-0.674776,-3.729758,-1.619794,-4.334963,4.402559,5.336844,5.298616,5.087948,5.342354,5.396666,5.17453,4.809141,5.475804,5.377487
5,40,4.347417,-0.248723,-0.474167,-4.392967,-2.273507,-4.66792,4.464373,5.350236,5.31112,5.098712,5.361816,5.41221,5.190521,4.822482,5.488122,5.393425
5,45,4.331824,-1.349776,-0.300914,-5.071966,-3.146199,-5.170619,4.347613,5.336844,5.301743,5.091536,5.352085,5.399775,5.180926,4.815811,5.481964,5.383862
10,-45,4.316231,-0.612707,-1.82372,-4.272958,-2.54723,3.845961,-4.249852,5.326799,5.292364,5.08436,5.345599,5.396666,5.17453,4.809141,5.472724,5.383862
10,-40,4.306875,-0.24569,-1.747731,-4.055046,-2.247745,3.993505,-4.075482,5.330147,5.301743,5.091536,5.348842,5.393558,5.17453,4.809141,5.472724,5.380674
10,-35,4.297519,0.639714,-1.723415,-3.549745,-1.45878,3.859076,-3.808798,5.306711,5.273608,5.062831,5.319649,5.368688,5.148945,4.785795,5.448086,5.358362
10,-30,4.266332,1.495713,-1.796364,-3.019178,-0.644053,3.560711,-3.473733,5.300015,5.267355,5.055655,5.319649,5.368688,5.148945,4.782461,5.445006,5.348798
10,-25,4.350536,2.266416,-1.972657,-2.722313,0.009701,3.124639,-3.23782,5.366977,5.333003,5.127417,5.381279,5.427753,5.203313,4.849161,5.509681,5.415738
10,-20,4.334942,2.811696,-2.270531,-2.580197,0.549713,2.531187,-2.91985,5.356933,5.323624,5.113064,5.371548,5.421535,5.196917,4.832487,5.500442,5.409363
10,-15,4.319349,3.241219,-2.66871,-2.50756,0.983016,1.813143,-2.5335,5.333495,5.301743,5.095124,5.352085,5.399775,5.17453,4.812476,5.472724,5.380674
10,-10,4.300637,3.561076,-2.869319,-2.485453,1.319311,1.006573,-1.93517,5.350236,5.307994,5.098712,5.358573,5.405993,5.184124,4.825816,5.488122,5.38705
10,-5,4.319349,3.774314,-2.939228,-2.431764,1.565065,0.114756,-1.138536,5.353584,5.320498,5.113064,5.371548,5.418427,5.200115,4.835821,5.503522,5.409363
10,0,4.325586,3.829147,-2.9909,-2.444397,1.671774,-0.86177,-0.232494,5.370325,5.315285,5.12024,5.378035,5.427753,5.206511,4.839156,5.503522,5.409363
10,5,4.313112,3.734712,-2.884516,-2.551774,1.639438,-1.743125,0.679958,5.363628,5.32675,5.12024,5.384522,5.430861,5.212908,4.849161,5.509681,5.422113
10,10,4.331824,3.530613,-2.696066,-2.649676,1.474524,-2.497174,1.538492,5.363628,5.315285,5.12024,5.378035,5.424644,5.20971,4.845826,5.503522,5.41255
10,15,4.334942,3.195525,-2.346519,-2.77916,1.180266,-3.074952,2.300869,5.363628,5.321534,5.123829,5.378035,5.427753,5.20971,4.845826,5.503522,5.41255
10,20,4.306875,2.717262,-1.854115,-2.886536,0.798701,-3.443815,2.984262,5.336844,5.290286,5.098712,5.352085,5.405993,5.180926,4.815811,5.481964,5.393425
10,25,4.300637,2.104964,-1.389066,-3.126554,0.287791,-3.773507,3.540591,5.320104,5.265288,5.073595,5.339111,5.381123,5.161738,4.802471,5.457325,5.364736
10,30,4.344298,1.352538,-1.112469,-3.717126,-0.318806,-4.207656,3.976727,5.366977,5.321534,5.123829,5.384522,5.430861,5.20971,4.852497,5.512761,5.415738
10,35,4.363011,0.463031,-0.84499,-4.367702,-1.030485,-4.478592,4.234286,5.373672,5.342381,5.134593,5.379123,5.440188,5.222502,4.859167,5.51892,5.428489
10,40,4.375485,-0.409483,-0.623104,-4.873003,-1.787247,-4.801755,4.296101,5.373672,5.345506,5.134593,5.394253,5.443296,5.219304,4.859167,5.515841,5.425301
10,45,4.372366,-1.492337,-0.419456,-5.577268,-2.714684,-5.386062,4.196511,5.373672,5.327784,5.134593,5.375881,5.440188,5.198048,4.852497,5.512761,5.422113
15,-45,4.372366,-0.879629,-2.003052,-4.82879,-2.128595,3.698418,-4.451575,5.39711,5.349658,5.15971,5.410472,5.461948,5.220426,4.879177,5.537399,5.444427
15,-40,4.325586,-0.461047,-1.872352,-4.563506,-1.69708,3.773829,-4.253272,5.350236,5.302786,5.109476,5.358573,5.415318,5.175671,4.829151,5.488122,5.3998
15,-35,4.331824,0.389921,-1.896668,-4.105577,-0.892014,3.623007,-4.01052,5.350236,5.302786,5.109476,5.346699,5.41221,5.175671,4.829151,5.491203,5.396613
15,-30,4.334942,1.197179,-1.996973,-3.635014,-0.061185,3.314805,-3.767769,5.353584,5.309035,5.109476,5.353184,5.418427,5.182064,4.835821,5.497362,5.402987
15,-25,4.375485,1.91305,-2.142871,-3.281303,0.67259,2.855782,-3.336972,5.380369,5.330909,5.134593,5.379123,5.443296,5.201245,4.859167,5.512761,5.422113
15,-20,4.353655,2.464423,-2.373875,-3.145503,1.261106,2.232821,-2.981393,5.360281,5.305911,5.113064,5.346699,5.415318,5.182064,4.839156,5.497362,5.402987
15,-15,4.350536,2.866529,-2.750777,-3.076024,1.720278,1.53445,-2.6053,5.340192,5.293411,5.095124,5.336972,5.399775,5.162883,4.819146,5.481964,5.38705
15,-10,4.381722,3.20771,-2.969624,-3.088657,2.108311,0.721323,-2.102702,5.363628,5.321534,5.123829,5.366153,5.43397,5.191654,4.849161,5.506601,5.418926
15,-5,4.372366,3.411809,-3.133758,-3.094973,2.34113,-0.166478,-1.367611,5.373672,5.324659,5.131005,5.372639,5.43397,5.194851,4.849161,5.512761,5.425301
15,0,4.350536,3.466642,-3.197588,-3.08234,2.418737,-1.051098,-0.495759,5.353584,5.302786,5.105888,5.353184,5.41221,5.175671,4.829151,5.488122,5.3998
15,5,4.353655,3.387439,-3.079047,-3.139187,2.370233,-1.896547,0.333111,5.34354,5.293411,5.085789,5.346699,5.409101,5.172474,4.822482,5.488122,5.3998
15,10,4.328706,3.165062,-2.829805,-3.186559,2.169749,-2.598367,1.208815,5.323452,5.277787,5.080771,5.327245,5.390449,5.150096,4.805806,5.472724,5.374299
15,15,4.316231,2.836066,-2.501536,-3.25288,1.859323,-3.094537,1.950588,5.306711,5.262163,5.059243,5.301306,5.362471,5.127718,4.782461,5.43365,5.355174
15,20,4.322468,2.391312,-2.085119,-3.363415,1.458356,-3.538479,2.596205,5.31006,5.268413,5.070006,5.317517,5.381123,5.140505,4.792466,5.454246,5.364736
15,25,4.272569,1.797292,-1.653506,-3.672912,0.90541,-3.900814,3.125061,5.25649,5.205916,4.992538,5.25267,5.312732,5.070175,4.725765,5.39573,5.297797
15,30,4.281925,1.09056,-1.297881,-4.18453,0.255455,-4.285999,3.564631,5.283275,5.24029,5.021231,5.288336,5.350036,5.111733,4.765785,5.418258,5.339236
15,35,4.278807,0.289395,-1.015204,-4.759311,-0.457278,-4.579784,3.835927,5.279927,5.227791,5.030538,5.275367,5.337601,5.098947,4.75578,5.405944,5.326486
15,40,4.297519,-0.573276,-0.817634,-5.21724,-1.317089,-4.951912,3.959556,5.300015,5.255914,5.035576,5.298063,5.347942,5.127718,4.779126,5.421336,5.348798
15,45,4.331824,-1.586366,-0.565353,-5.864658,-2.30571,-5.470933,3.949254,5.333495,5.287161,5.071443,5.333729,5.385232,5.162883,4.819146,5.461357,5.365795
20,-45,4.225789,-1.18295,-2.112475,-5.169868,-1.603692,3.24923,-4.564403,5.209617,5.15592,4.942325,5.200791,5.251611,5.025419,4.679074,5.325901,5.228782
20,-40,4.207078,-0.770434,-2.045605,-4.923533,-1.149635,3.30169,-4.396871,5.182832,5.134047,4.944423,5.181337,5.247449,5.009435,4.659064,5.321816,5.216037
20,-35,4.210196,0.015231,-2.07904,-4.554032,-0.286604,3.131196,-4.201986,5.20292,5.152795,4.938739,5.200791,5.248504,5.025419,4.679074,5.328979,5.238341
20,-30,4.219552,0.74938,-2.221898,-4.152949,0.543246,2.78365,-3.94214,5.209617,5.159045,4.942325,5.204034,5.254718,5.031813,4.685744,5.335137,5.235154
20,-25,4.244501,1.407371,-2.300926,-3.792921,1.280508,2.321347,-3.480571,5.229705,5.180919,4.967431,5.223488,5.276471,5.050994,4.705754,5.356687,5.254272
20,-20,4.241383,1.940466,-2.440745,-3.505531,1.86579,1.734453,-3.022421,5.233053,5.180919,4.967431,5.229973,5.279578,5.057388,4.709089,5.356687,5.263832
20,-15,4.263213,2.351711,-2.686947,-3.410787,2.334663,1.09182,-2.625814,5.279927,5.227791,5.017644,5.275367,5.32619,5.10534,4.752445,5.399786,5.302068
20,-10,4.278807,2.641106,-2.92707,-3.410787,2.683893,0.350825,-2.188178,5.28997,5.237165,5.024817,5.281851,5.335513,5.108537,4.765785,5.412101,5.317999
20,-5,4.338062,2.854344,-3.091205,-3.417103,2.971684,-0.430885,-1.586429,5.350236,5.305911,5.089375,5.346699,5.400769,5.178867,4.825816,5.47675,5.381726
20,0,4.322468,2.915269,-3.127679,-3.413945,3.039589,-1.273069,-0.793215,5.330147,5.277787,5.067856,5.327245,5.372802,5.150096,4.809141,5.455201,5.362608
20,5,4.297519,2.85739,-3.069928,-3.417103,2.994319,-2.007532,-0.054704,5.336844,5.284037,5.067856,5.330487,5.382124,5.153293,4.809141,5.461357,5.362608
20,10,4.309993,2.665476,-2.890596,-3.496056,2.81647,-2.644066,0.762378,5.333495,5.284037,5.075029,5.336972,5.38834,5.162883,4.794948,5.464436,5.365795
20,15,4.331824,2.376081,-2.656552,-3.616066,2.509278,-3.185937,1.456073,5.333495,5.290286,5.075029,5.336972,5.385232,5.162883,4.798282,5.467515,5.372167
20,20,4.331824,1.946559,-2.416429,-3.849768,2.088909,-3.727807,2.105124,5.356933,5.309035,5.096549,5.356426,5.410092,5.188457,4.818289,5.479829,5.388099
20,25,4.350536,1.404325,-2.051685,-4.23506,1.532729,-4.207656,2.671756,5.353584,5.302786,5.085789,5.343457,5.394554,5.175671,4.808285,5.479829,5.384912
20,30,4.356773,0.734148,-1.674783,-4.759311,0.866606,-4.618956,3.13193,5.363628,5.31216,5.100136,5.359668,5.410092,5.185261,4.821623,5.489065,5.391285
20,35,4.347417,-0.021232,-1.319157,-5.214082,0.054971,-4.948647,3.451304,5.363628,5.318409,5.103722,5.366153,5.416306,5.191654,4.845826,5.492143,5.400844
20,40,4.34118,-0.831098,-1.075995,-5.630957,-0.817947,-5.154297,3.612708,5.350236,5.302786,5.089375,5.343457,5.400769,5.175671,4.81162,5.479829,5.388099
20,45,4.331824,-1.744092,-0.857148,-6.18363,-1.787247,-5.604768,3.60584,5.346888,5.293411,5.085789,5.343457,5.394554,5.175671,4.808285,5.470593,5.375353
25,-45,4.338062,-1.643997,-2.346519,-5.728858,-1.255903,2.944308,-4.978106,5.380369,5.334033,5.118068,5.379123,5.431844,5.201245,4.838295,5.507536,5.407217
25,-40,4.313112,-1.176883,-2.27965,-5.457258,-0.666595,2.93775,-4.759287,5.313408,5.265288,5.05351,5.314275,5.36348,5.140505,4.77494,5.439807,5.34349
25,-35,4.306875,-0.470147,-2.392112,-5.154078,0.216652,2.695124,-4.571241,5.320104,5.268413,5.05351,5.32076,5.36348,5.143702,4.77494,5.449043,5.353049
25,-30,4.331824,0.231516,-2.562326,-4.787734,1.083258,2.318069,-4.311395,5.336844,5.284037,5.075029,5.333729,5.385232,5.159686,4.794948,5.467515,5.372167
25,-25,4.344298,0.852952,-2.735579,-4.367702,1.833454,1.84593,-3.945559,5.363628,5.318409,5.103722,5.366153,5.413199,5.188457,4.828292,5.492143,5.394471
25,-20,4.334942,1.358631,-2.817647,-4.045572,2.441372,1.252478,-3.439543,5.350236,5.31216,5.092962,5.349942,5.400769,5.175671,4.808285,5.479829,5.391285
25,-15,4.372366,1.748552,-2.924031,-3.818186,2.949048,0.62296,-2.981393,5.377021,5.327784,5.110895,5.379123,5.428736,5.204442,4.834961,5.507536,5.407217
25,-10,4.350536,2.013577,-2.987861,-3.679228,3.304745,-0.075078,-2.46512,5.366977,5.318409,5.107308,5.369396,5.419414,5.188457,4.828292,5.495221,5.397658
25,-5,4.384841,2.220722,-3.048651,-3.612907,3.527864,-0.803013,-1.890723,5.373672,5.324659,5.110895,5.372639,5.425629,5.198048,4.824957,5.501379,5.40403
25,0,4.359892,2.296879,-3.030414,-3.581326,3.592536,-1.547269,-1.165889,5.366977,5.309035,5.100136,5.359668,5.410092,5.188457,4.824957,5.495221,5.400844
25,5,4.350536,2.242046,-2.978742,-3.543428,3.550499,-2.187068,-0.461569,5.360281,5.309035,5.089375,5.353184,5.403876,5.182064,4.814954,5.479829,5.381726
25,10,4.322468,2.056224,-3.000019,-3.666595,3.353249,-2.849716,0.223219,5.323452,5.274663,5.067856,5.327245,5.379017,5.150096,4.784944,5.452122,5.353049
25,15,4.306875,1.739413,-2.972663,-3.916089,3.020188,-3.5091,0.910045,5.320104,5.265288,5.057096,5.32076,5.369695,5.140505,4.77494,5.442886,5.34349
25,20,4.313112,1.404325,-2.845003,-4.197163,2.641856,-4.028121,1.456073,5.320104,5.271538,5.057096,5.32076,5.369695,5.146898,4.778275,5.442886,5.349863
25,25,4.325586,0.892554,-2.516733,-4.617194,2.024237,-4.579784,2.057046,5.330147,5.277787,5.064269,5.327245,5.379017,5.150096,4.788279,5.449043,5.353049
25,30,4.313112,0.298533,-2.103357,-5.106706,1.341946,-4.938856,2.496615,5.320104,5.271538,5.060682,5.32076,5.369695,5.146898,4.78161,5.449043,5.356236
25,35,4.303756,-0.382184,-1.705178,-5.501472,0.55618,-5.157562,2.843463,5.316756,5.268413,5.05351,5.317517,5.36348,5.143702,4.771606,5.436729,5.346676
25,40,4.300637,-1.094987,-1.386027,-5.918347,-0.296264,-5.366476,3.059813,5.316756,5.271538,5.057096,5.32076,5.369695,5.146898,4.784944,5.449043,5.356236
25,45,4.272569,-1.926085,-1.179339,-6.382593,-1.284886,-5.712489,3.114759,5.276578,5.227791,5.014057,5.272124,5.323082,5.098947,4.734927,5.402865,5.30844
30,-45,4.244501,-2.092911,-1.42858,-6.022565,-0.901674,2.400037,-5.265304,5.246445,5.196542,4.981777,5.246185,5.295115,5.070175,4.704917,5.372079,5.276577
30,-40,4.24762,-1.580299,-1.510648,-5.77623,-0.173894,2.324626,-5.005457,5.263186,5.212166,4.996124,5.255912,5.307546,5.086159,4.718255,5.384394,5.289322
30,-35,4.260095,-0.958493,-1.595755,-5.457258,0.704926,2.049212,-4.902887,5.266534,5.212166,5.003297,5.265639,5.313761,5.089356,4.721589,5.390551,5.292509
30,-30,4.297519,-0.354885,-1.674783,-5.185659,1.54243,1.649206,-4.694326,5.300015,5.246539,5.035576,5.291578,5.341728,5.121324,4.751599,5.418258,5.321186
30,-25,4.285044,0.191914,-1.814601,-4.790892,2.240889,1.150838,-4.307976,5.263186,5.218416,4.999711,5.262397,5.313761,5.092553,4.721589,5.387472,5.295695
30,-20,4.266332,0.606205,-1.911866,-4.437181,2.800303,0.596731,-3.873759,5.25649,5.209042,4.992538,5.255912,5.301331,5.076569,4.711586,5.381315,5.286136
30,-15,4.266332,0.962618,-1.975696,-4.140316,3.304745,-0.006529,-3.391676,5.276578,5.227791,5.014057,5.281851,5.329298,5.102144,4.738262,5.402865,5.30844
30,-10,4.285044,1.230688,-2.039526,-3.950828,3.628106,-0.639799,-2.906174,5.279927,5.230916,5.021231,5.281851,5.329298,5.10534,4.738262,5.405944,5.311627
30,-5,4.278807,1.401279,-2.07904,-3.843451,3.841524,-1.315505,-2.307844,5.296667,5.243414,5.028403,5.294821,5.341728,5.118127,4.751599,5.415179,5.321186
30,0,4.313112,1.462204,-2.100317,-3.796079,3.925597,-2.030382,-1.634296,5.300015,5.259038,5.039164,5.298063,5.35105,5.127718,4.761603,5.427494,5.337117
30,5,4.2944,1.437834,-2.151989,-3.865558,3.860925,-2.647331,-1.035966,5.28997,5.24029,5.028403,5.285094,5.341728,5.11493,4.751599,5.415179,5.321186
30,10,4.316231,1.29466,-2.14895,-4.042414,3.689544,-3.365473,-0.400026,5.31006,5.265288,5.046337,5.311033,5.354157,5.130915,4.761603,5.427494,5.337117
30,15,4.256976,1.038774,-2.188463,-4.228744,3.382352,-3.8747,0.21635,5.276578,5.224666,5.014057,5.278609,5.32619,5.102144,4.738262,5.405944,5.30844
30,20,4.256976,0.709778,-2.194542,-4.465604,2.949048,-4.429627,0.817324,5.273231,5.22154,5.006884,5.268881,5.316868,5.092553,4.731593,5.396708,5.298881
30,25,4.216434,0.283302,-2.224938,-4.82879,2.386401,-4.886626,1.32901,5.233053,5.184043,4.974605,5.236458,5.282686,5.054191,4.691579,5.362844,5.267018
30,30,4.219552,-0.215358,-2.20974,-5.25198,1.755848,-5.226112,1.768579,5.229705,5.177794,4.971018,5.233216,5.282686,5.060585,4.694913,5.365922,5.263832
30,35,4.219552,-0.797733,-2.197582,-5.621482,0.992717,-5.474197,2.122294,5.233053,5.187168,4.978191,5.2397,5.282686,5.060585,4.694913,5.362844,5.267018
30,40,4.216434,-1.468071,-2.191503,-6.092044,0.122877,-5.656997,2.383289,5.219661,5.171544,4.953084,5.217003,5.264041,5.041403,4.678241,5.347451,5.251086
30,45,4.179009,-2.135376,-2.200622,-6.45523,-0.827608,-5.908346,2.520654,5.176136,5.130921,4.917219,5.178095,5.229859,5.003042,4.641562,5.310508,5.21285
35,-45,4.147823,-2.529692,-2.127673,-6.180472,-0.563546,1.754126,-5.391808,5.122566,5.0778,4.86342,5.126217,5.177032,4.951892,4.588211,5.255095,5.155497
35,-40,4.169653,-2.056513,-2.155029,-6.006774,0.203717,1.596746,-5.443094,5.152699,5.109048,4.8957,5.15864,5.204999,4.980664,4.614886,5.282801,5.187359
35,-35,4.194602,-1.492337,-2.215819,-5.659379,1.057389,1.278708,-5.220857,5.179484,5.134047,4.917219,5.178095,5.226751,5.003042,4.631558,5.304351,5.21285
35,-30,4.235145,-0.985791,-2.227978,-5.359357,1.888426,0.845915,-4.957591,5.229705,5.184043,4.971018,5.223488,5.279578,5.057388,4.691579,5.362844,5.267018
35,-25,4.266332,-0.54901,-2.288768,-5.059333,2.586885,0.360661,-4.673812,5.259838,5.212166,4.996124,5.262397,5.310653,5.086159,4.718255,5.387472,5.292509
35,-20,4.244501,-0.169859,-2.379954,-4.686674,3.101028,-0.153421,-4.342166,5.243097,5.190293,4.974605,5.2397,5.288901,5.066978,4.694913,5.369001,5.263832
35,-15,4.250739,0.109665,-2.431626,-4.361385,3.534331,-0.705084,-3.948978,5.25649,5.212166,4.996124,5.262397,5.307546,5.082963,4.714921,5.381315,5.286136
35,-10,4.272569,0.335088,-2.501536,-4.181372,3.831823,-1.28939,-3.480571,5.273231,5.22154,5.006884,5.265639,5.316868,5.092553,4.728258,5.396708,5.302068
35,-5,4.24762,0.478263,-2.580563,-4.04873,3.993503,-1.916132,-2.878822,5.25649,5.202792,4.985364,5.249427,5.301331,5.073371,4.711586,5.381315,5.286136
35,0,4.20084,0.557465,-2.674789,-4.001358,4.022605,-2.542874,-2.232625,5.212965,5.159045,4.945912,5.204034,5.257826,5.03501,4.668238,5.332058,5.238341
35,5,4.210196,0.52091,-2.689987,-4.007674,3.987036,-3.185937,-1.658229,5.216313,5.171544,4.953084,5.217003,5.264041,5.038207,4.674907,5.341294,5.251086
35,10,4.213315,0.420384,-2.702145,-4.080311,3.83829,-3.776772,-1.049642,5.226357,5.171544,4.960258,5.223488,5.273364,5.0446,4.68491,5.353608,5.260645
35,15,4.291282,0.261978,-2.629196,-4.332963,3.637806,-4.403513,-0.488921,5.316756,5.262163,5.049923,5.311033,5.360373,5.143702,4.77494,5.445965,5.346676
35,20,4.347417,0.006093,-2.568405,-4.569822,3.285343,-4.91927,0.078985,5.377021,5.330909,5.114482,5.372639,5.425629,5.201245,4.831626,5.501379,5.407217
35,25,4.356773,-0.31242,-2.544089,-4.91406,2.790602,-5.373005,0.594105,5.390413,5.343408,5.125242,5.392093,5.441166,5.220426,4.854967,5.522929,5.429521
35,30,4.372366,-0.752235,-2.550168,-5.447784,2.172983,-5.679847,1.033674,5.390413,5.343408,5.132414,5.398578,5.441166,5.220426,4.854967,5.516771,5.429521
35,35,4.344298,-1.301245,-2.568405,-5.965718,1.374282,-5.940989,1.442336,5.383717,5.334033,5.121655,5.382365,5.431844,5.207639,4.844964,5.510614,5.416776
35,40,4.334942,-1.886653,-2.574484,-6.442597,0.491508,-6.208661,1.782315,5.34354,5.296536,5.078616,5.343457,5.391447,5.169277,4.804951,5.470593,5.372167
35,45,4.319349,-2.475095,-2.595761,-6.780517,-0.428295,-6.202131,1.988363,5.306711,5.259038,5.04275,5.304548,5.354157,5.134112,4.768272,5.43365,5.34349
40,-45,4.353655,-3.121167,-2.20974,-6.651034,-0.235079,1.14428,-5.884148,5.336844,5.290286,5.067856,5.333729,5.37591,5.153293,4.794948,5.464436,5.36898
40,-40,4.347417,-2.644954,-2.303966,-6.373118,0.562647,0.918047,-6.044842,5.326799,5.280912,5.064269,5.333729,5.37591,5.146898,4.788279,5.452122,5.359422
40,-35,4.344298,-2.135376,-2.428586,-6.057304,1.435721,0.524598,-5.863634,5.330147,5.274663,5.060682,5.330487,5.372802,5.150096,4.784944,5.452122,5.353049
40,-30,4.353655,-1.701628,-2.53801,-5.668854,2.234421,0.045902,-5.545665,5.336844,5.293411,5.078616,5.336972,5.38834,5.159686,4.794948,5.464436,5.372167
40,-25,4.322468,-1.319444,-2.662631,-5.255138,2.864974,-0.466792,-5.162733,5.313408,5.268413,5.060682,5.317517,5.369695,5.143702,4.778275,5.445965,5.349863
40,-20,4.288163,-1.02219,-2.790291,-4.898268,3.320913,-1.008662,-4.75245,5.293319,5.243414,5.03199,5.288336,5.335513,5.11493,4.748265,5.418258,5.321186
40,-15,4.303756,-0.7856,-2.875398,-4.554032,3.718647,-1.511362,-4.43448,5.300015,5.249664,5.035576,5.301306,5.35105,5.134112,4.764937,5.430572,5.337117
40,-10,4.350536,-0.594508,-2.957465,-4.345595,3.996737,-2.036911,-4.102834,5.330147,5.284037,5.071443,5.330487,5.379017,5.159686,4.791613,5.461357,5.359422
40,-5,4.363011,-0.497446,-3.06081,-4.266642,4.16165,-2.608159,-3.641265,5.346888,5.293411,5.085789,5.340214,5.391447,5.16608,4.801616,5.473672,5.375353
40,0,4.372366,-0.439815,-3.151995,-4.276116,4.226323,-3.280601,-3.012164,5.363628,5.315285,5.103722,5.362911,5.416306,5.194851,4.831626,5.501379,5.400844
40,5,4.440977,-0.427682,-3.191509,-4.374018,4.248958,-3.962836,-2.42751,5.43059,5.380906,5.161108,5.427759,5.47224,5.252395,4.884977,5.547557,5.451826
40,10,4.419147,-0.494412,-3.264458,-4.468762,4.090511,-4.511235,-1.849694,5.417198,5.362156,5.146761,5.411547,5.453597,5.239607,4.868305,5.535243,5.442266
40,15,4.378604,-0.609674,-3.337407,-4.541399,3.805954,-4.991084,-1.30265,5.366977,5.315285,5.103722,5.366153,5.413199,5.191654,4.824957,5.492143,5.400844
40,20,4.313112,-0.837164,-3.413395,-4.812999,3.408221,-5.294662,-0.854757,5.303363,5.255914,5.04275,5.301306,5.35105,5.124521,4.754934,5.421336,5.330745
40,25,4.285044,-1.104086,-3.440751,-5.094073,2.952282,-5.62109,-0.369255,5.283275,5.227791,5.021231,5.285094,5.329298,5.108537,4.74493,5.412101,5.314813
40,30,4.263213,-1.468071,-3.465067,-5.425677,2.315262,-5.973632,0.106458,5.239749,5.187168,4.974605,5.236458,5.285793,5.060585,4.691579,5.362844,5.267018
40,35,4.235145,-1.868454,-3.495463,-6.041514,1.610336,-6.257624,0.51512,5.212965,5.159045,4.945912,5.204034,5.254718,5.031813,4.664904,5.328979,5.235154
40,40,4.256976,-2.350733,-3.428593,-6.448913,0.856906,-6.417574,0.886006,5.259838,5.212166,4.996124,5.255912,5.307546,5.082963,4.714921,5.381315,5.292509
40,45,4.2944,-2.857279,-3.367802,-6.846838,-0.045084,-6.495916,1.174474,5.286623,5.243414,5.028403,5.288336,5.335513,5.111733,4.74493,5.412101,5.314813
45,-45,4.278807,-3.655011,-2.945307,-6.581555,-0.048304,0.324595,-6.219213,5.286623,5.237165,5.024817,5.288336,5.335513,5.11493,4.751599,5.412101,5.314813
45,-40,4.303756,-3.224296,-2.987861,-6.407858,0.840737,-0.019586,-6.424355,5.306711,5.259038,5.04275,5.304548,5.357265,5.137309,4.764937,5.43365,5.340303
45,-35,4.313112,-2.842113,-3.045612,-6.142574,1.629737,-0.427621,-6.30127,5.330147,5.274663,5.067856,5.330487,5.379017,5.156489,4.788279,5.455201,5.359422
45,-30,4.319349,-2.50846,-3.139837,-5.823602,2.34113,-0.878091,-6.014071,5.296667,5.249664,5.039164,5.294821,5.344835,5.118127,4.748265,5.421336,5.324371
45,-25,4.297519,-2.214239,-3.258379,-5.47305,2.890844,-1.377526,-5.661911,5.276578,5.22154,5.01047,5.268881,5.319975,5.098947,4.734927,5.402865,5.302068
45,-20,4.24762,-1.95945,-3.376921,-5.094073,3.307979,-1.850847,-5.302913,5.233053,5.184043,4.963845,5.229973,5.279578,5.057388,4.688245,5.356687,5.260645
45,-15,4.222671,-1.734993,-3.492423,-4.591929,3.599003,-2.24256,-5.002039,5.196225,5.14967,4.935153,5.194306,5.245396,5.022223,4.658234,5.322823,5.228782
45,-10,4.241383,-1.589399,-3.547134,-4.468762,3.828589,-2.722409,-4.629365,5.223009,5.171544,4.956672,5.217003,5.270256,5.047797,4.681575,5.347451,5.254272
45,-5,4.228909,-1.489303,-3.632241,-4.437181,3.928831,-3.198994,-4.191729,5.209617,5.15592,4.942325,5.207276,5.251611,5.028616,4.668238,5.332058,5.235154
45,0,4.213315,-1.449872,-3.693032,-4.47192,3.987036,-3.763715,-3.651522,5.20292,5.152795,4.938739,5.204034,5.251611,5.028616,4.661569,5.328979,5.228782
45,5,4.241383,-1.449872,-3.711269,-4.582455,3.980569,-4.410042,-3.107897,5.239749,5.190293,4.974605,5.236458,5.288901,5.066978,4.698248,5.365922,5.270205
45,10,4.263213,-1.480204,-3.732546,-4.604562,3.867393,-4.935591,-2.6053,5.259838,5.209042,4.996124,5.255912,5.304438,5.079765,4.714921,5.381315,5.286136
45,15,4.34118,-1.583333,-3.650479,-4.77826,3.731581,-5.480726,-2.136893,5.360281,5.309035,5.096549,5.356426,5.406985,5.188457,4.821623,5.485986,5.394471
45,20,4.394197,-1.734993,-3.607925,-5.059333,3.466425,-5.98016,-1.719771,5.420546,5.368406,5.161108,5.421274,5.469133,5.246001,4.881643,5.547557,5.455012
45,25,4.397316,-1.96855,-3.629202,-5.479366,3.094561,-6.202131,-1.364192,5.403806,5.352783,5.146761,5.405062,5.453597,5.220426,4.854967,5.522929,5.432708
45,30,4.316231,-2.208173,-3.744704,-5.804654,2.489876,-6.476331,-0.871852,5.28997,5.24029,5.03199,5.291578,5.341728,5.11493,4.754934,5.418258,5.321186
45,35,4.297519,-2.49936,-3.759902,-6.054146,1.885192,-6.672188,-0.461569,5.283275,5.230916,5.014057,5.281851,5.329298,5.10534,4.738262,5.405944,5.311627
45,40,4.285044,-2.89671,-3.756863,-6.395226,1.118827,-6.786438,-0.037609,5.279927,5.230916,5.021231,5.281851,5.332405,5.108537,4.748265,5.409022,5.314813
45,45,4.266332,-3.312259,-3.796376,-6.780517,0.245754,-6.86478,0.291901,5.246445,5.199667,4.985364,5.246185,5.295115,5.070175,4.708251,5.369001,5.27339
